commit	subject	status	path	classification	durable_owner
b48f13c6286af65781e82327eea4deffd471c8a7	fix(sources): normalize markitdown output	A	.10x/evidence/2026-07-08-local-markitdown-output-normalization.md	product-neutral-missing-control-character-normalization	restore MarkItDown normalization ticket
b48f13c6286af65781e82327eea4deffd471c8a7	fix(sources): normalize markitdown output	A	.10x/reviews/2026-07-08-local-markitdown-output-normalization-review.md	product-neutral-missing-control-character-normalization	restore MarkItDown normalization ticket
b48f13c6286af65781e82327eea4deffd471c8a7	fix(sources): normalize markitdown output	A	.10x/tickets/done/2026-07-08-local-markitdown-output-normalization.md	product-neutral-missing-control-character-normalization	restore MarkItDown normalization ticket
b48f13c6286af65781e82327eea4deffd471c8a7	fix(sources): normalize markitdown output	M	src/turbo_search/crawler.py	product-neutral-missing-control-character-normalization	restore MarkItDown normalization ticket
b48f13c6286af65781e82327eea4deffd471c8a7	fix(sources): normalize markitdown output	M	tests/test_crawler.py	product-neutral-missing-control-character-normalization	restore MarkItDown normalization ticket
d7a37d79de7011d9b4c0a0180f8bcea6265a7f62	feat: cut over search backend to qdrant	A	.10x/decisions/accept-qdrant-cutover-with-observed-retrieval-regressions.md	qdrant-tantivy-provider-dead-end	historical index; no current authority
d7a37d79de7011d9b4c0a0180f8bcea6265a7f62	feat: cut over search backend to qdrant	A	.10x/decisions/apache-2-license.md	product-neutral-already-present-or-evolved-on-develop	current LICENSE/project metadata
d7a37d79de7011d9b4c0a0180f8bcea6265a7f62	feat: cut over search backend to qdrant	A	.10x/decisions/client-rrf-k60-for-qdrant.md	qdrant-tantivy-provider-dead-end	historical index; no current authority
d7a37d79de7011d9b4c0a0180f8bcea6265a7f62	feat: cut over search backend to qdrant	A	.10x/decisions/compact-v2-artifacts-and-sqlite-state.md	historical-compact-artifact-finding-no-current-measured-need	historical index only; no current owner without measured need
d7a37d79de7011d9b4c0a0180f8bcea6265a7f62	feat: cut over search backend to qdrant	A	.10x/decisions/corpus-statistics-bm25-on-qdrant.md	qdrant-tantivy-provider-dead-end	historical index; no current authority
d7a37d79de7011d9b4c0a0180f8bcea6265a7f62	feat: cut over search backend to qdrant	A	.10x/decisions/namespace-deletion-requires-confirmed-cli.md	historical-turbopuffer-delete-no-current-product-request	historical index only; no current owner without current product request
d7a37d79de7011d9b4c0a0180f8bcea6265a7f62	feat: cut over search backend to qdrant	A	.10x/decisions/qdrant-replaces-turbopuffer.md	qdrant-tantivy-provider-dead-end	historical index; no current authority
d7a37d79de7011d9b4c0a0180f8bcea6265a7f62	feat: cut over search backend to qdrant	A	.10x/decisions/superseded/bounded-qdrant-migration-score-regression.md	qdrant-tantivy-provider-dead-end	historical index; no current authority
d7a37d79de7011d9b4c0a0180f8bcea6265a7f62	feat: cut over search backend to qdrant	A	.10x/evidence/.storage/2026-07-10-compact-plan-v2/measure_compact_v2.py	historical-compact-artifact-finding-no-current-measured-need	historical index only; no current owner without measured need
d7a37d79de7011d9b4c0a0180f8bcea6265a7f62	feat: cut over search backend to qdrant	A	.10x/evidence/.storage/2026-07-10-compact-plan-v2/measure_fake_apply.py	historical-compact-artifact-finding-no-current-measured-need	historical index only; no current owner without measured need
d7a37d79de7011d9b4c0a0180f8bcea6265a7f62	feat: cut over search backend to qdrant	A	.10x/evidence/.storage/2026-07-10-qdrant-hybrid-parity/basket-progress-final.json	qdrant-tantivy-provider-dead-end	historical index; no current authority
d7a37d79de7011d9b4c0a0180f8bcea6265a7f62	feat: cut over search backend to qdrant	A	.10x/evidence/.storage/2026-07-10-qdrant-hybrid-parity/basket.json	qdrant-tantivy-provider-dead-end	historical index; no current authority
d7a37d79de7011d9b4c0a0180f8bcea6265a7f62	feat: cut over search backend to qdrant	A	.10x/evidence/.storage/2026-07-10-qdrant-hybrid-parity/client-rrf-k60-output.txt	qdrant-tantivy-provider-dead-end	historical index; no current authority
d7a37d79de7011d9b4c0a0180f8bcea6265a7f62	feat: cut over search backend to qdrant	A	.10x/evidence/.storage/2026-07-10-qdrant-hybrid-parity/client-rrf-k60-progress-final.json	qdrant-tantivy-provider-dead-end	historical index; no current authority
d7a37d79de7011d9b4c0a0180f8bcea6265a7f62	feat: cut over search backend to qdrant	A	.10x/evidence/.storage/2026-07-10-qdrant-hybrid-parity/client-rrf-k60-summary.json	qdrant-tantivy-provider-dead-end	historical index; no current authority
d7a37d79de7011d9b4c0a0180f8bcea6265a7f62	feat: cut over search backend to qdrant	A	.10x/evidence/.storage/2026-07-10-qdrant-hybrid-parity/collections-after.json	qdrant-tantivy-provider-dead-end	historical index; no current authority
d7a37d79de7011d9b4c0a0180f8bcea6265a7f62	feat: cut over search backend to qdrant	A	.10x/evidence/.storage/2026-07-10-qdrant-hybrid-parity/collections-before.json	qdrant-tantivy-provider-dead-end	historical index; no current authority
d7a37d79de7011d9b4c0a0180f8bcea6265a7f62	feat: cut over search backend to qdrant	A	.10x/evidence/.storage/2026-07-10-qdrant-hybrid-parity/commands.txt	qdrant-tantivy-provider-dead-end	historical index; no current authority
d7a37d79de7011d9b4c0a0180f8bcea6265a7f62	feat: cut over search backend to qdrant	A	.10x/evidence/.storage/2026-07-10-qdrant-hybrid-parity/disk-after.txt	qdrant-tantivy-provider-dead-end	historical index; no current authority
d7a37d79de7011d9b4c0a0180f8bcea6265a7f62	feat: cut over search backend to qdrant	A	.10x/evidence/.storage/2026-07-10-qdrant-hybrid-parity/disk-before.txt	qdrant-tantivy-provider-dead-end	historical index; no current authority
d7a37d79de7011d9b4c0a0180f8bcea6265a7f62	feat: cut over search backend to qdrant	A	.10x/evidence/.storage/2026-07-10-qdrant-hybrid-parity/disk-final.txt	qdrant-tantivy-provider-dead-end	historical index; no current authority
d7a37d79de7011d9b4c0a0180f8bcea6265a7f62	feat: cut over search backend to qdrant	A	.10x/evidence/.storage/2026-07-10-qdrant-hybrid-parity/evaluate_client_rrf_k60.py	qdrant-tantivy-provider-dead-end	historical index; no current authority
d7a37d79de7011d9b4c0a0180f8bcea6265a7f62	feat: cut over search backend to qdrant	A	.10x/evidence/.storage/2026-07-10-qdrant-hybrid-parity/execute_parity_basket.py	qdrant-tantivy-provider-dead-end	historical index; no current authority
d7a37d79de7011d9b4c0a0180f8bcea6265a7f62	feat: cut over search backend to qdrant	A	.10x/evidence/.storage/2026-07-10-qdrant-hybrid-parity/execution-output.txt	qdrant-tantivy-provider-dead-end	historical index; no current authority
d7a37d79de7011d9b4c0a0180f8bcea6265a7f62	feat: cut over search backend to qdrant	A	.10x/evidence/.storage/2026-07-10-qdrant-hybrid-parity/input-inventory.json	qdrant-tantivy-provider-dead-end	historical index; no current authority
d7a37d79de7011d9b4c0a0180f8bcea6265a7f62	feat: cut over search backend to qdrant	A	.10x/evidence/.storage/2026-07-10-qdrant-hybrid-parity/native-rrf-report.json	qdrant-tantivy-provider-dead-end	historical index; no current authority
d7a37d79de7011d9b4c0a0180f8bcea6265a7f62	feat: cut over search backend to qdrant	A	.10x/evidence/.storage/2026-07-10-qdrant-hybrid-parity/native-rrf-summary.json	qdrant-tantivy-provider-dead-end	historical index; no current authority
d7a37d79de7011d9b4c0a0180f8bcea6265a7f62	feat: cut over search backend to qdrant	A	.10x/evidence/.storage/2026-07-10-qdrant-hybrid-parity/output-hashes.txt	qdrant-tantivy-provider-dead-end	historical index; no current authority
d7a37d79de7011d9b4c0a0180f8bcea6265a7f62	feat: cut over search backend to qdrant	A	.10x/evidence/.storage/2026-07-10-qdrant-hybrid-parity/prep-output.txt	qdrant-tantivy-provider-dead-end	historical index; no current authority
d7a37d79de7011d9b4c0a0180f8bcea6265a7f62	feat: cut over search backend to qdrant	A	.10x/evidence/.storage/2026-07-10-qdrant-hybrid-parity/prepare_parity_basket.py	qdrant-tantivy-provider-dead-end	historical index; no current authority
d7a37d79de7011d9b4c0a0180f8bcea6265a7f62	feat: cut over search backend to qdrant	A	.10x/evidence/.storage/2026-07-10-qdrant-index-lifecycle/lifecycle-output.txt	qdrant-tantivy-provider-dead-end	historical index; no current authority
d7a37d79de7011d9b4c0a0180f8bcea6265a7f62	feat: cut over search backend to qdrant	A	.10x/evidence/.storage/2026-07-10-qdrant-index-lifecycle/run_lifecycle_evidence.py	qdrant-tantivy-provider-dead-end	historical index; no current authority
d7a37d79de7011d9b4c0a0180f8bcea6265a7f62	feat: cut over search backend to qdrant	A	.10x/evidence/.storage/2026-07-10-sqlite-state-v2/measure_sqlite_state.py	superseded-local-state-backend	current active compact DuckDB applied-state spec
d7a37d79de7011d9b4c0a0180f8bcea6265a7f62	feat: cut over search backend to qdrant	A	.10x/evidence/.storage/2026-07-10-sqlite-state-v2/measurement.json	superseded-local-state-backend	current active compact DuckDB applied-state spec
d7a37d79de7011d9b4c0a0180f8bcea6265a7f62	feat: cut over search backend to qdrant	A	.10x/evidence/.storage/2026-07-11-qdrant-bm25-typer-diagnostic/baseline-thresholds.json	qdrant-tantivy-provider-dead-end	historical index; no current authority
d7a37d79de7011d9b4c0a0180f8bcea6265a7f62	feat: cut over search backend to qdrant	A	.10x/evidence/.storage/2026-07-11-qdrant-bm25-typer-diagnostic/basket-five.json	qdrant-tantivy-provider-dead-end	historical index; no current authority
d7a37d79de7011d9b4c0a0180f8bcea6265a7f62	feat: cut over search backend to qdrant	A	.10x/evidence/.storage/2026-07-11-qdrant-bm25-typer-diagnostic/diagnose_typer_alyze.py	qdrant-tantivy-provider-dead-end	historical index; no current authority
d7a37d79de7011d9b4c0a0180f8bcea6265a7f62	feat: cut over search backend to qdrant	A	.10x/evidence/.storage/2026-07-11-qdrant-bm25-typer-diagnostic/diagnose_typer_bm25.py	qdrant-tantivy-provider-dead-end	historical index; no current authority
d7a37d79de7011d9b4c0a0180f8bcea6265a7f62	feat: cut over search backend to qdrant	A	.10x/evidence/.storage/2026-07-11-qdrant-bm25-typer-diagnostic/diagnose_typer_offline_variants.py	qdrant-tantivy-provider-dead-end	historical index; no current authority
d7a37d79de7011d9b4c0a0180f8bcea6265a7f62	feat: cut over search backend to qdrant	A	.10x/evidence/.storage/2026-07-11-qdrant-bm25-typer-diagnostic/diagnose_typer_rrf_ties.py	qdrant-tantivy-provider-dead-end	historical index; no current authority
d7a37d79de7011d9b4c0a0180f8bcea6265a7f62	feat: cut over search backend to qdrant	A	.10x/evidence/.storage/2026-07-11-qdrant-bm25-typer-diagnostic/diagnose_typer_signal_ablation.py	qdrant-tantivy-provider-dead-end	historical index; no current authority
d7a37d79de7011d9b4c0a0180f8bcea6265a7f62	feat: cut over search backend to qdrant	A	.10x/evidence/.storage/2026-07-11-qdrant-bm25-typer-diagnostic/five-progress.json	qdrant-tantivy-provider-dead-end	historical index; no current authority
d7a37d79de7011d9b4c0a0180f8bcea6265a7f62	feat: cut over search backend to qdrant	A	.10x/evidence/.storage/2026-07-11-qdrant-bm25-typer-diagnostic/hashes.txt	qdrant-tantivy-provider-dead-end	historical index; no current authority
d7a37d79de7011d9b4c0a0180f8bcea6265a7f62	feat: cut over search backend to qdrant	A	.10x/evidence/.storage/2026-07-11-qdrant-bm25-typer-diagnostic/prep-output.txt	qdrant-tantivy-provider-dead-end	historical index; no current authority
d7a37d79de7011d9b4c0a0180f8bcea6265a7f62	feat: cut over search backend to qdrant	A	.10x/evidence/.storage/2026-07-11-qdrant-bm25-typer-diagnostic/ruff-partial-collection.json	qdrant-tantivy-provider-dead-end	historical index; no current authority
d7a37d79de7011d9b4c0a0180f8bcea6265a7f62	feat: cut over search backend to qdrant	A	.10x/evidence/.storage/2026-07-11-qdrant-bm25-typer-diagnostic/typer-alyze-output.txt	qdrant-tantivy-provider-dead-end	historical index; no current authority
d7a37d79de7011d9b4c0a0180f8bcea6265a7f62	feat: cut over search backend to qdrant	A	.10x/evidence/.storage/2026-07-11-qdrant-bm25-typer-diagnostic/typer-alyze.json	qdrant-tantivy-provider-dead-end	historical index; no current authority
d7a37d79de7011d9b4c0a0180f8bcea6265a7f62	feat: cut over search backend to qdrant	A	.10x/evidence/.storage/2026-07-11-qdrant-bm25-typer-diagnostic/typer-collection.json	qdrant-tantivy-provider-dead-end	historical index; no current authority
d7a37d79de7011d9b4c0a0180f8bcea6265a7f62	feat: cut over search backend to qdrant	A	.10x/evidence/.storage/2026-07-11-qdrant-bm25-typer-diagnostic/typer-diagnostic-output.txt	qdrant-tantivy-provider-dead-end	historical index; no current authority
d7a37d79de7011d9b4c0a0180f8bcea6265a7f62	feat: cut over search backend to qdrant	A	.10x/evidence/.storage/2026-07-11-qdrant-bm25-typer-diagnostic/typer-diagnostic.json	qdrant-tantivy-provider-dead-end	historical index; no current authority
d7a37d79de7011d9b4c0a0180f8bcea6265a7f62	feat: cut over search backend to qdrant	A	.10x/evidence/.storage/2026-07-11-qdrant-bm25-typer-diagnostic/typer-offline-variants-output.txt	qdrant-tantivy-provider-dead-end	historical index; no current authority
d7a37d79de7011d9b4c0a0180f8bcea6265a7f62	feat: cut over search backend to qdrant	A	.10x/evidence/.storage/2026-07-11-qdrant-bm25-typer-diagnostic/typer-offline-variants.json	qdrant-tantivy-provider-dead-end	historical index; no current authority
d7a37d79de7011d9b4c0a0180f8bcea6265a7f62	feat: cut over search backend to qdrant	A	.10x/evidence/.storage/2026-07-11-qdrant-bm25-typer-diagnostic/typer-rrf-ties-output.txt	qdrant-tantivy-provider-dead-end	historical index; no current authority
d7a37d79de7011d9b4c0a0180f8bcea6265a7f62	feat: cut over search backend to qdrant	A	.10x/evidence/.storage/2026-07-11-qdrant-bm25-typer-diagnostic/typer-rrf-ties.json	qdrant-tantivy-provider-dead-end	historical index; no current authority
d7a37d79de7011d9b4c0a0180f8bcea6265a7f62	feat: cut over search backend to qdrant	A	.10x/evidence/.storage/2026-07-11-qdrant-bm25-typer-diagnostic/versions.txt	qdrant-tantivy-provider-dead-end	historical index; no current authority
d7a37d79de7011d9b4c0a0180f8bcea6265a7f62	feat: cut over search backend to qdrant	A	.10x/evidence/.storage/2026-07-11-qdrant-bounded-parity/basket-progress-final.json	qdrant-tantivy-provider-dead-end	historical index; no current authority
d7a37d79de7011d9b4c0a0180f8bcea6265a7f62	feat: cut over search backend to qdrant	A	.10x/evidence/.storage/2026-07-11-qdrant-bounded-parity/basket.json	qdrant-tantivy-provider-dead-end	historical index; no current authority
d7a37d79de7011d9b4c0a0180f8bcea6265a7f62	feat: cut over search backend to qdrant	A	.10x/evidence/.storage/2026-07-11-qdrant-bounded-parity/bounded-collection-counts.json	qdrant-tantivy-provider-dead-end	historical index; no current authority
d7a37d79de7011d9b4c0a0180f8bcea6265a7f62	feat: cut over search backend to qdrant	A	.10x/evidence/.storage/2026-07-11-qdrant-bounded-parity/bounded-parity-summary.json	qdrant-tantivy-provider-dead-end	historical index; no current authority
d7a37d79de7011d9b4c0a0180f8bcea6265a7f62	feat: cut over search backend to qdrant	A	.10x/evidence/.storage/2026-07-11-qdrant-bounded-parity/collections-after-interruption.json	qdrant-tantivy-provider-dead-end	historical index; no current authority
d7a37d79de7011d9b4c0a0180f8bcea6265a7f62	feat: cut over search backend to qdrant	A	.10x/evidence/.storage/2026-07-11-qdrant-bounded-parity/collections-before.json	qdrant-tantivy-provider-dead-end	historical index; no current authority
d7a37d79de7011d9b4c0a0180f8bcea6265a7f62	feat: cut over search backend to qdrant	A	.10x/evidence/.storage/2026-07-11-qdrant-bounded-parity/commands.txt	qdrant-tantivy-provider-dead-end	historical index; no current authority
d7a37d79de7011d9b4c0a0180f8bcea6265a7f62	feat: cut over search backend to qdrant	A	.10x/evidence/.storage/2026-07-11-qdrant-bounded-parity/compose-config.txt	qdrant-tantivy-provider-dead-end	historical index; no current authority
d7a37d79de7011d9b4c0a0180f8bcea6265a7f62	feat: cut over search backend to qdrant	A	.10x/evidence/.storage/2026-07-11-qdrant-bounded-parity/disk-after-interruption.txt	qdrant-tantivy-provider-dead-end	historical index; no current authority
d7a37d79de7011d9b4c0a0180f8bcea6265a7f62	feat: cut over search backend to qdrant	A	.10x/evidence/.storage/2026-07-11-qdrant-bounded-parity/disk-before.txt	qdrant-tantivy-provider-dead-end	historical index; no current authority
d7a37d79de7011d9b4c0a0180f8bcea6265a7f62	feat: cut over search backend to qdrant	A	.10x/evidence/.storage/2026-07-11-qdrant-bounded-parity/execute_bounded_basket.py	qdrant-tantivy-provider-dead-end	historical index; no current authority
d7a37d79de7011d9b4c0a0180f8bcea6265a7f62	feat: cut over search backend to qdrant	A	.10x/evidence/.storage/2026-07-11-qdrant-bounded-parity/execution-output.txt	qdrant-tantivy-provider-dead-end	historical index; no current authority
d7a37d79de7011d9b4c0a0180f8bcea6265a7f62	feat: cut over search backend to qdrant	A	.10x/evidence/.storage/2026-07-11-qdrant-bounded-parity/focused-pytest-final.txt	qdrant-tantivy-provider-dead-end	historical index; no current authority
d7a37d79de7011d9b4c0a0180f8bcea6265a7f62	feat: cut over search backend to qdrant	A	.10x/evidence/.storage/2026-07-11-qdrant-bounded-parity/full-pytest-final.txt	qdrant-tantivy-provider-dead-end	historical index; no current authority
d7a37d79de7011d9b4c0a0180f8bcea6265a7f62	feat: cut over search backend to qdrant	A	.10x/evidence/.storage/2026-07-11-qdrant-bounded-parity/full-pytest.txt	qdrant-tantivy-provider-dead-end	historical index; no current authority
d7a37d79de7011d9b4c0a0180f8bcea6265a7f62	feat: cut over search backend to qdrant	A	.10x/evidence/.storage/2026-07-11-qdrant-bounded-parity/git-diff-check-final.txt	qdrant-tantivy-provider-dead-end	historical index; no current authority
d7a37d79de7011d9b4c0a0180f8bcea6265a7f62	feat: cut over search backend to qdrant	A	.10x/evidence/.storage/2026-07-11-qdrant-bounded-parity/git-diff-check.txt	qdrant-tantivy-provider-dead-end	historical index; no current authority
d7a37d79de7011d9b4c0a0180f8bcea6265a7f62	feat: cut over search backend to qdrant	A	.10x/evidence/.storage/2026-07-11-qdrant-bounded-parity/hashes.txt	qdrant-tantivy-provider-dead-end	historical index; no current authority
d7a37d79de7011d9b4c0a0180f8bcea6265a7f62	feat: cut over search backend to qdrant	A	.10x/evidence/.storage/2026-07-11-qdrant-bounded-parity/input-inventory.json	qdrant-tantivy-provider-dead-end	historical index; no current authority
d7a37d79de7011d9b4c0a0180f8bcea6265a7f62	feat: cut over search backend to qdrant	A	.10x/evidence/.storage/2026-07-11-qdrant-bounded-parity/interrupted-report.json	qdrant-tantivy-provider-dead-end	historical index; no current authority
d7a37d79de7011d9b4c0a0180f8bcea6265a7f62	feat: cut over search backend to qdrant	A	.10x/evidence/.storage/2026-07-11-qdrant-bounded-parity/no-staged-files-final.txt	qdrant-tantivy-provider-dead-end	historical index; no current authority
d7a37d79de7011d9b4c0a0180f8bcea6265a7f62	feat: cut over search backend to qdrant	A	.10x/evidence/.storage/2026-07-11-qdrant-bounded-parity/no-staged-files.txt	qdrant-tantivy-provider-dead-end	historical index; no current authority
d7a37d79de7011d9b4c0a0180f8bcea6265a7f62	feat: cut over search backend to qdrant	A	.10x/evidence/.storage/2026-07-11-qdrant-bounded-parity/pinned-qdrant-integration-tests.txt	qdrant-tantivy-provider-dead-end	historical index; no current authority
d7a37d79de7011d9b4c0a0180f8bcea6265a7f62	feat: cut over search backend to qdrant	A	.10x/evidence/.storage/2026-07-11-qdrant-bounded-parity/pinned-qdrant-tests.txt	qdrant-tantivy-provider-dead-end	historical index; no current authority
d7a37d79de7011d9b4c0a0180f8bcea6265a7f62	feat: cut over search backend to qdrant	A	.10x/evidence/.storage/2026-07-11-qdrant-bounded-parity/prep-output.txt	qdrant-tantivy-provider-dead-end	historical index; no current authority
d7a37d79de7011d9b4c0a0180f8bcea6265a7f62	feat: cut over search backend to qdrant	A	.10x/evidence/.storage/2026-07-11-qdrant-bounded-parity/prepare_bounded_basket.py	qdrant-tantivy-provider-dead-end	historical index; no current authority
d7a37d79de7011d9b4c0a0180f8bcea6265a7f62	feat: cut over search backend to qdrant	A	.10x/evidence/.storage/2026-07-11-qdrant-bounded-parity/qdrant-final-state.txt	qdrant-tantivy-provider-dead-end	historical index; no current authority
d7a37d79de7011d9b4c0a0180f8bcea6265a7f62	feat: cut over search backend to qdrant	A	.10x/evidence/.storage/2026-07-11-qdrant-bounded-parity/qdrant-ready.json	qdrant-tantivy-provider-dead-end	historical index; no current authority
d7a37d79de7011d9b4c0a0180f8bcea6265a7f62	feat: cut over search backend to qdrant	A	.10x/evidence/.storage/2026-07-11-qdrant-bounded-parity/ruff-final.txt	qdrant-tantivy-provider-dead-end	historical index; no current authority
d7a37d79de7011d9b4c0a0180f8bcea6265a7f62	feat: cut over search backend to qdrant	A	.10x/evidence/.storage/2026-07-11-qdrant-bounded-parity/ruff.txt	qdrant-tantivy-provider-dead-end	historical index; no current authority
d7a37d79de7011d9b4c0a0180f8bcea6265a7f62	feat: cut over search backend to qdrant	A	.10x/evidence/.storage/2026-07-11-qdrant-bounded-parity/uv-lock-check-final.txt	qdrant-tantivy-provider-dead-end	historical index; no current authority
d7a37d79de7011d9b4c0a0180f8bcea6265a7f62	feat: cut over search backend to qdrant	A	.10x/evidence/.storage/2026-07-11-qdrant-bounded-parity/uv-lock-check.txt	qdrant-tantivy-provider-dead-end	historical index; no current authority
d7a37d79de7011d9b4c0a0180f8bcea6265a7f62	feat: cut over search backend to qdrant	A	.10x/evidence/.storage/2026-07-11-qdrant-bounded-parity/uv-sync-frozen-final.txt	qdrant-tantivy-provider-dead-end	historical index; no current authority
d7a37d79de7011d9b4c0a0180f8bcea6265a7f62	feat: cut over search backend to qdrant	A	.10x/evidence/.storage/2026-07-11-qdrant-bounded-parity/uv-sync-frozen.txt	qdrant-tantivy-provider-dead-end	historical index; no current authority
d7a37d79de7011d9b4c0a0180f8bcea6265a7f62	feat: cut over search backend to qdrant	A	.10x/evidence/.storage/2026-07-11-qdrant-global-fusion-investigation/baseline-thresholds.json	qdrant-tantivy-provider-dead-end	historical index; no current authority
d7a37d79de7011d9b4c0a0180f8bcea6265a7f62	feat: cut over search backend to qdrant	A	.10x/evidence/.storage/2026-07-11-qdrant-global-fusion-investigation/hashes.txt	qdrant-tantivy-provider-dead-end	historical index; no current authority
d7a37d79de7011d9b4c0a0180f8bcea6265a7f62	feat: cut over search backend to qdrant	A	.10x/evidence/.storage/2026-07-11-qdrant-global-fusion-investigation/typer-dense-first-tie-output.txt	qdrant-tantivy-provider-dead-end	historical index; no current authority
d7a37d79de7011d9b4c0a0180f8bcea6265a7f62	feat: cut over search backend to qdrant	A	.10x/evidence/.storage/2026-07-11-qdrant-global-fusion-investigation/typer-dense-first-tie.json	qdrant-tantivy-provider-dead-end	historical index; no current authority
d7a37d79de7011d9b4c0a0180f8bcea6265a7f62	feat: cut over search backend to qdrant	A	.10x/evidence/.storage/2026-07-11-qdrant-global-fusion-investigation/typer-dense-first-tie.py	qdrant-tantivy-provider-dead-end	historical index; no current authority
d7a37d79de7011d9b4c0a0180f8bcea6265a7f62	feat: cut over search backend to qdrant	A	.10x/evidence/.storage/2026-07-11-qdrant-global-fusion-investigation/typer-dense-weight-grid-fine-output.txt	qdrant-tantivy-provider-dead-end	historical index; no current authority
d7a37d79de7011d9b4c0a0180f8bcea6265a7f62	feat: cut over search backend to qdrant	A	.10x/evidence/.storage/2026-07-11-qdrant-global-fusion-investigation/typer-dense-weight-grid-fine.json	qdrant-tantivy-provider-dead-end	historical index; no current authority
d7a37d79de7011d9b4c0a0180f8bcea6265a7f62	feat: cut over search backend to qdrant	A	.10x/evidence/.storage/2026-07-11-qdrant-global-fusion-investigation/typer-dense-weight-grid-output.txt	qdrant-tantivy-provider-dead-end	historical index; no current authority
d7a37d79de7011d9b4c0a0180f8bcea6265a7f62	feat: cut over search backend to qdrant	A	.10x/evidence/.storage/2026-07-11-qdrant-global-fusion-investigation/typer-dense-weight-grid.json	qdrant-tantivy-provider-dead-end	historical index; no current authority
d7a37d79de7011d9b4c0a0180f8bcea6265a7f62	feat: cut over search backend to qdrant	A	.10x/evidence/.storage/2026-07-11-qdrant-global-fusion-investigation/typer_dense_weight_grid.py	qdrant-tantivy-provider-dead-end	historical index; no current authority
d7a37d79de7011d9b4c0a0180f8bcea6265a7f62	feat: cut over search backend to qdrant	A	.10x/evidence/.storage/2026-07-11-qdrant-global-fusion-investigation/typer_dense_weight_grid_fine.py	qdrant-tantivy-provider-dead-end	historical index; no current authority
d7a37d79de7011d9b4c0a0180f8bcea6265a7f62	feat: cut over search backend to qdrant	A	.10x/evidence/.storage/2026-07-11-qdrant-global-fusion-investigation/versions.txt	qdrant-tantivy-provider-dead-end	historical index; no current authority
d7a37d79de7011d9b4c0a0180f8bcea6265a7f62	feat: cut over search backend to qdrant	A	.10x/evidence/.storage/2026-07-11-record-graph-reconciliation/after-inventory.txt	historical-branch-record-non-authoritative	triage research provenance index
d7a37d79de7011d9b4c0a0180f8bcea6265a7f62	feat: cut over search backend to qdrant	A	.10x/evidence/.storage/2026-07-11-record-graph-reconciliation/before-inventory.txt	historical-branch-record-non-authoritative	triage research provenance index
d7a37d79de7011d9b4c0a0180f8bcea6265a7f62	feat: cut over search backend to qdrant	A	.10x/evidence/.storage/2026-07-11-record-graph-reconciliation/commands.txt	historical-branch-record-non-authoritative	triage research provenance index
d7a37d79de7011d9b4c0a0180f8bcea6265a7f62	feat: cut over search backend to qdrant	A	.10x/evidence/.storage/2026-07-11-record-graph-reconciliation/moves.tsv	historical-branch-record-non-authoritative	triage research provenance index
d7a37d79de7011d9b4c0a0180f8bcea6265a7f62	feat: cut over search backend to qdrant	A	.10x/evidence/.storage/2026-07-11-record-graph-reconciliation/reference-validation.txt	historical-branch-record-non-authoritative	triage research provenance index
d7a37d79de7011d9b4c0a0180f8bcea6265a7f62	feat: cut over search backend to qdrant	A	.10x/evidence/.storage/2026-07-11-tantivy-typer-prototype/commands.txt	qdrant-tantivy-provider-dead-end	historical index; no current authority
d7a37d79de7011d9b4c0a0180f8bcea6265a7f62	feat: cut over search backend to qdrant	A	.10x/evidence/.storage/2026-07-11-tantivy-typer-prototype/frozen-config.json	qdrant-tantivy-provider-dead-end	historical index; no current authority
d7a37d79de7011d9b4c0a0180f8bcea6265a7f62	feat: cut over search backend to qdrant	A	.10x/evidence/.storage/2026-07-11-tantivy-typer-prototype/hashes.txt	qdrant-tantivy-provider-dead-end	historical index; no current authority
d7a37d79de7011d9b4c0a0180f8bcea6265a7f62	feat: cut over search backend to qdrant	A	.10x/evidence/.storage/2026-07-11-tantivy-typer-prototype/preflight-output.txt	qdrant-tantivy-provider-dead-end	historical index; no current authority
d7a37d79de7011d9b4c0a0180f8bcea6265a7f62	feat: cut over search backend to qdrant	A	.10x/evidence/.storage/2026-07-11-tantivy-typer-prototype/preflight.json	qdrant-tantivy-provider-dead-end	historical index; no current authority
d7a37d79de7011d9b4c0a0180f8bcea6265a7f62	feat: cut over search backend to qdrant	A	.10x/evidence/.storage/2026-07-11-tantivy-typer-prototype/preflight_tantivy.py	qdrant-tantivy-provider-dead-end	historical index; no current authority
d7a37d79de7011d9b4c0a0180f8bcea6265a7f62	feat: cut over search backend to qdrant	A	.10x/evidence/.storage/2026-07-11-tantivy-typer-prototype/raw-lists.json	qdrant-tantivy-provider-dead-end	historical index; no current authority
d7a37d79de7011d9b4c0a0180f8bcea6265a7f62	feat: cut over search backend to qdrant	A	.10x/evidence/.storage/2026-07-11-tantivy-typer-prototype/result.json	qdrant-tantivy-provider-dead-end	historical index; no current authority
d7a37d79de7011d9b4c0a0180f8bcea6265a7f62	feat: cut over search backend to qdrant	A	.10x/evidence/.storage/2026-07-11-tantivy-typer-prototype/run-output.txt	qdrant-tantivy-provider-dead-end	historical index; no current authority
d7a37d79de7011d9b4c0a0180f8bcea6265a7f62	feat: cut over search backend to qdrant	A	.10x/evidence/.storage/2026-07-11-tantivy-typer-prototype/run_tantivy_prototype.executed.txt	qdrant-tantivy-provider-dead-end	historical index; no current authority
d7a37d79de7011d9b4c0a0180f8bcea6265a7f62	feat: cut over search backend to qdrant	A	.10x/evidence/.storage/2026-07-11-tantivy-typer-prototype/run_tantivy_prototype.py	qdrant-tantivy-provider-dead-end	historical index; no current authority
d7a37d79de7011d9b4c0a0180f8bcea6265a7f62	feat: cut over search backend to qdrant	A	.10x/evidence/.storage/2026-07-11-tantivy-typer-prototype/timings.json	qdrant-tantivy-provider-dead-end	historical index; no current authority
d7a37d79de7011d9b4c0a0180f8bcea6265a7f62	feat: cut over search backend to qdrant	A	.10x/evidence/.storage/2026-07-11-tantivy-typer-prototype/versions.json	qdrant-tantivy-provider-dead-end	historical index; no current authority
d7a37d79de7011d9b4c0a0180f8bcea6265a7f62	feat: cut over search backend to qdrant	M	.10x/evidence/2026-06-28-config-autoresearch-runner-validation.md	historical-record-graph-edit-or-relocation	current develop record graph; branch copy non-authoritative
d7a37d79de7011d9b4c0a0180f8bcea6265a7f62	feat: cut over search backend to qdrant	M	.10x/evidence/2026-06-28-cross-corpus-live-apply.md	historical-record-graph-edit-or-relocation	current develop record graph; branch copy non-authoritative
d7a37d79de7011d9b4c0a0180f8bcea6265a7f62	feat: cut over search backend to qdrant	M	.10x/evidence/2026-06-28-cross-corpus-live-retrieval-evals.md	historical-record-graph-edit-or-relocation	current develop record graph; branch copy non-authoritative
d7a37d79de7011d9b4c0a0180f8bcea6265a7f62	feat: cut over search backend to qdrant	M	.10x/evidence/2026-06-28-cross-corpus-seed-eval-datasets.md	historical-record-graph-edit-or-relocation	current develop record graph; branch copy non-authoritative
d7a37d79de7011d9b4c0a0180f8bcea6265a7f62	feat: cut over search backend to qdrant	M	.10x/evidence/2026-06-28-cross-corpus-validation-local-plans.md	historical-record-graph-edit-or-relocation	current develop record graph; branch copy non-authoritative
d7a37d79de7011d9b4c0a0180f8bcea6265a7f62	feat: cut over search backend to qdrant	M	.10x/evidence/2026-06-28-cross-repo-requests-validation.md	historical-record-graph-edit-or-relocation	current develop record graph; branch copy non-authoritative
d7a37d79de7011d9b4c0a0180f8bcea6265a7f62	feat: cut over search backend to qdrant	M	.10x/evidence/2026-06-28-cross-site-page-aggregation-sqlmesh-validation.md	historical-record-graph-edit-or-relocation	current develop record graph; branch copy non-authoritative
d7a37d79de7011d9b4c0a0180f8bcea6265a7f62	feat: cut over search backend to qdrant	M	.10x/evidence/2026-06-28-graded-repo-eval-metric-validation.md	historical-record-graph-edit-or-relocation	current develop record graph; branch copy non-authoritative
d7a37d79de7011d9b4c0a0180f8bcea6265a7f62	feat: cut over search backend to qdrant	M	.10x/evidence/2026-06-28-live-turbo-search-repo-index-and-eval.md	historical-record-graph-edit-or-relocation	current develop record graph; branch copy non-authoritative
d7a37d79de7011d9b4c0a0180f8bcea6265a7f62	feat: cut over search backend to qdrant	M	.10x/evidence/2026-06-28-opt-in-page-aggregation-ranking-validation.md	historical-record-graph-edit-or-relocation	current develop record graph; branch copy non-authoritative
d7a37d79de7011d9b4c0a0180f8bcea6265a7f62	feat: cut over search backend to qdrant	M	.10x/evidence/2026-06-28-repo-eval-autoresearch-docs-validation.md	historical-record-graph-edit-or-relocation	current develop record graph; branch copy non-authoritative
d7a37d79de7011d9b4c0a0180f8bcea6265a7f62	feat: cut over search backend to qdrant	M	.10x/evidence/2026-06-28-repo-eval-autoresearch-review-minor-fixes.md	historical-record-graph-edit-or-relocation	current develop record graph; branch copy non-authoritative
d7a37d79de7011d9b4c0a0180f8bcea6265a7f62	feat: cut over search backend to qdrant	M	.10x/evidence/2026-06-28-repo-file-card-metadata-validation.md	historical-record-graph-edit-or-relocation	current develop record graph; branch copy non-authoritative
d7a37d79de7011d9b4c0a0180f8bcea6265a7f62	feat: cut over search backend to qdrant	M	.10x/evidence/2026-06-28-repo-oversize-metadata-live-eval.md	historical-record-graph-edit-or-relocation	current develop record graph; branch copy non-authoritative
d7a37d79de7011d9b4c0a0180f8bcea6265a7f62	feat: cut over search backend to qdrant	M	.10x/evidence/2026-06-28-repo-oversize-metadata-local-validation.md	historical-record-graph-edit-or-relocation	current develop record graph; branch copy non-authoritative
d7a37d79de7011d9b4c0a0180f8bcea6265a7f62	feat: cut over search backend to qdrant	M	.10x/evidence/2026-06-28-repo-search-eval-autoresearch-final-validation.md	historical-record-graph-edit-or-relocation	current develop record graph; branch copy non-authoritative
d7a37d79de7011d9b4c0a0180f8bcea6265a7f62	feat: cut over search backend to qdrant	M	.10x/evidence/2026-06-28-repo-search-file-ranking-promotion-validation.md	historical-record-graph-edit-or-relocation	current develop record graph; branch copy non-authoritative
d7a37d79de7011d9b4c0a0180f8bcea6265a7f62	feat: cut over search backend to qdrant	M	.10x/evidence/2026-06-28-repo-search-metadata-cross-repo-validation.md	historical-record-graph-edit-or-relocation	current develop record graph; branch copy non-authoritative
d7a37d79de7011d9b4c0a0180f8bcea6265a7f62	feat: cut over search backend to qdrant	M	.10x/evidence/2026-06-28-repo-search-precision-hypothesis-experiments.md	historical-record-graph-edit-or-relocation	current develop record graph; branch copy non-authoritative
d7a37d79de7011d9b4c0a0180f8bcea6265a7f62	feat: cut over search backend to qdrant	M	.10x/evidence/2026-06-28-turbo-search-seed-repo-eval-dataset-validation.md	historical-record-graph-edit-or-relocation	current develop record graph; branch copy non-authoritative
d7a37d79de7011d9b4c0a0180f8bcea6265a7f62	feat: cut over search backend to qdrant	M	.10x/evidence/2026-06-28-website-adaptive-aggregation-review.md	historical-record-graph-edit-or-relocation	current develop record graph; branch copy non-authoritative
d7a37d79de7011d9b4c0a0180f8bcea6265a7f62	feat: cut over search backend to qdrant	M	.10x/evidence/2026-06-28-website-page-aggregation-experiments.md	historical-record-graph-edit-or-relocation	current develop record graph; branch copy non-authoritative
d7a37d79de7011d9b4c0a0180f8bcea6265a7f62	feat: cut over search backend to qdrant	M	.10x/evidence/2026-06-28-website-page-level-ranking-validation.md	historical-record-graph-edit-or-relocation	current develop record graph; branch copy non-authoritative
d7a37d79de7011d9b4c0a0180f8bcea6265a7f62	feat: cut over search backend to qdrant	M	.10x/evidence/2026-06-28-website-page-ranking-default-promotion-validation.md	historical-record-graph-edit-or-relocation	current develop record graph; branch copy non-authoritative
d7a37d79de7011d9b4c0a0180f8bcea6265a7f62	feat: cut over search backend to qdrant	M	.10x/evidence/2026-06-28-website-ranking-evidence-hardening.md	historical-record-graph-edit-or-relocation	current develop record graph; branch copy non-authoritative
d7a37d79de7011d9b4c0a0180f8bcea6265a7f62	feat: cut over search backend to qdrant	M	.10x/evidence/2026-07-08-local-pdf-source-ingestion.md	historical-branch-record-non-authoritative	triage research provenance index
d7a37d79de7011d9b4c0a0180f8bcea6265a7f62	feat: cut over search backend to qdrant	A	.10x/evidence/2026-07-08-namespace-delete-positional-namespace.md	historical-turbopuffer-delete-no-current-product-request	historical index only; no current owner without current product request
d7a37d79de7011d9b4c0a0180f8bcea6265a7f62	feat: cut over search backend to qdrant	A	.10x/evidence/2026-07-08-turbopuffer-namespace-deletion-cli.md	historical-turbopuffer-delete-no-current-product-request	historical index only; no current owner without current product request
d7a37d79de7011d9b4c0a0180f8bcea6265a7f62	feat: cut over search backend to qdrant	A	.10x/evidence/2026-07-10-apache-license.md	product-neutral-already-present-or-evolved-on-develop	current LICENSE/project metadata
d7a37d79de7011d9b4c0a0180f8bcea6265a7f62	feat: cut over search backend to qdrant	A	.10x/evidence/2026-07-10-compact-plan-v2.md	historical-compact-artifact-finding-no-current-measured-need	historical index only; no current owner without measured need
d7a37d79de7011d9b4c0a0180f8bcea6265a7f62	feat: cut over search backend to qdrant	A	.10x/evidence/2026-07-10-guarded-generated-data-cleanup.md	superseded-generated-data-cleanup-lifecycle	historical index; current plan cleanup/source lifecycle differs
d7a37d79de7011d9b4c0a0180f8bcea6265a7f62	feat: cut over search backend to qdrant	A	.10x/evidence/2026-07-10-local-quality-gate.md	historical-tooling-choice-superseded-by-current-hosted-ci	current .github/workflows/ci.yml
d7a37d79de7011d9b4c0a0180f8bcea6265a7f62	feat: cut over search backend to qdrant	A	.10x/evidence/2026-07-10-qdrant-hybrid-parity.md	qdrant-tantivy-provider-dead-end	historical index; no current authority
d7a37d79de7011d9b4c0a0180f8bcea6265a7f62	feat: cut over search backend to qdrant	A	.10x/evidence/2026-07-10-qdrant-index-lifecycle.md	qdrant-tantivy-provider-dead-end	historical index; no current authority
d7a37d79de7011d9b4c0a0180f8bcea6265a7f62	feat: cut over search backend to qdrant	A	.10x/evidence/2026-07-10-qdrant-local-runtime.md	qdrant-tantivy-provider-dead-end	historical index; no current authority
d7a37d79de7011d9b4c0a0180f8bcea6265a7f62	feat: cut over search backend to qdrant	A	.10x/evidence/2026-07-10-sitemap-resource-limits.md	product-neutral-missing-sitemap-resource-bound	current sitemap resource spec/repair ticket
d7a37d79de7011d9b4c0a0180f8bcea6265a7f62	feat: cut over search backend to qdrant	A	.10x/evidence/2026-07-10-sqlite-applied-state-v2.md	superseded-local-state-backend	current active compact DuckDB applied-state spec
d7a37d79de7011d9b4c0a0180f8bcea6265a7f62	feat: cut over search backend to qdrant	A	.10x/evidence/2026-07-11-cli-source-argument-deduplication.md	historical-refactor-not-current-behavior-authority	current CLI parser/help/tests
d7a37d79de7011d9b4c0a0180f8bcea6265a7f62	feat: cut over search backend to qdrant	A	.10x/evidence/2026-07-11-qdrant-bm25-typer-diagnostic.md	qdrant-tantivy-provider-dead-end	historical index; no current authority
d7a37d79de7011d9b4c0a0180f8bcea6265a7f62	feat: cut over search backend to qdrant	A	.10x/evidence/2026-07-11-qdrant-bounded-parity.md	qdrant-tantivy-provider-dead-end	historical index; no current authority
d7a37d79de7011d9b4c0a0180f8bcea6265a7f62	feat: cut over search backend to qdrant	A	.10x/evidence/2026-07-11-qdrant-global-fusion-investigation.md	qdrant-tantivy-provider-dead-end	historical index; no current authority
d7a37d79de7011d9b4c0a0180f8bcea6265a7f62	feat: cut over search backend to qdrant	A	.10x/evidence/2026-07-11-record-graph-reconciliation.md	historical-branch-record-non-authoritative	triage research provenance index
d7a37d79de7011d9b4c0a0180f8bcea6265a7f62	feat: cut over search backend to qdrant	A	.10x/evidence/2026-07-11-remove-turbopuffer-integration.md	historical-branch-record-non-authoritative	triage research provenance index
d7a37d79de7011d9b4c0a0180f8bcea6265a7f62	feat: cut over search backend to qdrant	A	.10x/evidence/2026-07-11-tantivy-typer-prototype.md	qdrant-tantivy-provider-dead-end	historical index; no current authority
d7a37d79de7011d9b4c0a0180f8bcea6265a7f62	feat: cut over search backend to qdrant	M	.10x/knowledge/repo-search-ranking-defaults.md	historical-record-graph-edit-or-relocation	current develop record graph; branch copy non-authoritative
d7a37d79de7011d9b4c0a0180f8bcea6265a7f62	feat: cut over search backend to qdrant	M	.10x/research/2026-06-28-expanded-validation-ranking-hypotheses.md	historical-record-graph-edit-or-relocation	current develop record graph; branch copy non-authoritative
d7a37d79de7011d9b4c0a0180f8bcea6265a7f62	feat: cut over search backend to qdrant	A	.10x/research/2026-07-10-open-source-search-backend-selection.md	historical-branch-record-non-authoritative	triage research provenance index
d7a37d79de7011d9b4c0a0180f8bcea6265a7f62	feat: cut over search backend to qdrant	A	.10x/research/2026-07-11-open-source-lexical-sidecar-selection.md	historical-branch-record-non-authoritative	triage research provenance index
d7a37d79de7011d9b4c0a0180f8bcea6265a7f62	feat: cut over search backend to qdrant	A	.10x/research/2026-07-11-turbopuffer-bm25-semantics.md	historical-branch-record-non-authoritative	triage research provenance index
d7a37d79de7011d9b4c0a0180f8bcea6265a7f62	feat: cut over search backend to qdrant	M	.10x/reviews/2026-06-28-repo-eval-autoresearch-review.md	historical-record-graph-edit-or-relocation	current develop record graph; branch copy non-authoritative
d7a37d79de7011d9b4c0a0180f8bcea6265a7f62	feat: cut over search backend to qdrant	M	.10x/reviews/2026-07-08-local-pdf-source-ingestion-review.md	historical-branch-record-non-authoritative	triage research provenance index
d7a37d79de7011d9b4c0a0180f8bcea6265a7f62	feat: cut over search backend to qdrant	A	.10x/reviews/2026-07-08-namespace-delete-positional-namespace-review.md	historical-turbopuffer-delete-no-current-product-request	historical index only; no current owner without current product request
d7a37d79de7011d9b4c0a0180f8bcea6265a7f62	feat: cut over search backend to qdrant	A	.10x/reviews/2026-07-08-turbopuffer-namespace-deletion-cli-review.md	historical-turbopuffer-delete-no-current-product-request	historical index only; no current owner without current product request
d7a37d79de7011d9b4c0a0180f8bcea6265a7f62	feat: cut over search backend to qdrant	A	.10x/reviews/2026-07-10-apache-license-review.md	product-neutral-already-present-or-evolved-on-develop	current LICENSE/project metadata
d7a37d79de7011d9b4c0a0180f8bcea6265a7f62	feat: cut over search backend to qdrant	A	.10x/reviews/2026-07-10-codebase-stocktake.md	historical-branch-record-non-authoritative	triage research provenance index
d7a37d79de7011d9b4c0a0180f8bcea6265a7f62	feat: cut over search backend to qdrant	A	.10x/reviews/2026-07-10-compact-plan-v2-review.md	historical-compact-artifact-finding-no-current-measured-need	historical index only; no current owner without measured need
d7a37d79de7011d9b4c0a0180f8bcea6265a7f62	feat: cut over search backend to qdrant	A	.10x/reviews/2026-07-10-guarded-generated-data-cleanup-review.md	superseded-generated-data-cleanup-lifecycle	historical index; current plan cleanup/source lifecycle differs
d7a37d79de7011d9b4c0a0180f8bcea6265a7f62	feat: cut over search backend to qdrant	A	.10x/reviews/2026-07-10-local-quality-gate-review.md	historical-tooling-choice-superseded-by-current-hosted-ci	current .github/workflows/ci.yml
d7a37d79de7011d9b4c0a0180f8bcea6265a7f62	feat: cut over search backend to qdrant	A	.10x/reviews/2026-07-10-qdrant-local-runtime-review.md	qdrant-tantivy-provider-dead-end	historical index; no current authority
d7a37d79de7011d9b4c0a0180f8bcea6265a7f62	feat: cut over search backend to qdrant	A	.10x/reviews/2026-07-10-sitemap-resource-limits-review.md	product-neutral-missing-sitemap-resource-bound	current sitemap resource spec/repair ticket
d7a37d79de7011d9b4c0a0180f8bcea6265a7f62	feat: cut over search backend to qdrant	A	.10x/reviews/2026-07-10-sqlite-applied-state-v2-review.md	superseded-local-state-backend	current active compact DuckDB applied-state spec
d7a37d79de7011d9b4c0a0180f8bcea6265a7f62	feat: cut over search backend to qdrant	A	.10x/reviews/2026-07-11-cli-source-argument-deduplication-review.md	historical-refactor-not-current-behavior-authority	current CLI parser/help/tests
d7a37d79de7011d9b4c0a0180f8bcea6265a7f62	feat: cut over search backend to qdrant	A	.10x/reviews/2026-07-11-qdrant-cutover-final-integration-review.md	qdrant-tantivy-provider-dead-end	historical index; no current authority
d7a37d79de7011d9b4c0a0180f8bcea6265a7f62	feat: cut over search backend to qdrant	A	.10x/reviews/2026-07-11-qdrant-parity-blocker-review.md	qdrant-tantivy-provider-dead-end	historical index; no current authority
d7a37d79de7011d9b4c0a0180f8bcea6265a7f62	feat: cut over search backend to qdrant	A	.10x/reviews/2026-07-11-record-graph-reconciliation-review.md	historical-branch-record-non-authoritative	triage research provenance index
d7a37d79de7011d9b4c0a0180f8bcea6265a7f62	feat: cut over search backend to qdrant	A	.10x/reviews/2026-07-11-remove-turbopuffer-integration-rereview.md	historical-branch-record-non-authoritative	triage research provenance index
d7a37d79de7011d9b4c0a0180f8bcea6265a7f62	feat: cut over search backend to qdrant	A	.10x/reviews/2026-07-11-remove-turbopuffer-integration-review.md	historical-branch-record-non-authoritative	triage research provenance index
d7a37d79de7011d9b4c0a0180f8bcea6265a7f62	feat: cut over search backend to qdrant	A	.10x/reviews/2026-07-11-tantivy-typer-prototype-review.md	qdrant-tantivy-provider-dead-end	historical index; no current authority
d7a37d79de7011d9b4c0a0180f8bcea6265a7f62	feat: cut over search backend to qdrant	A	.10x/specs/compact-plan-and-state-v2.md	historical-compact-artifact-finding-no-current-measured-need	historical index only; no current owner without measured need
d7a37d79de7011d9b4c0a0180f8bcea6265a7f62	feat: cut over search backend to qdrant	A	.10x/specs/guarded-generated-data-cleanup.md	superseded-generated-data-cleanup-lifecycle	historical index; current plan cleanup/source lifecycle differs
d7a37d79de7011d9b4c0a0180f8bcea6265a7f62	feat: cut over search backend to qdrant	A	.10x/specs/qdrant-hybrid-retrieval.md	qdrant-tantivy-provider-dead-end	historical index; no current authority
d7a37d79de7011d9b4c0a0180f8bcea6265a7f62	feat: cut over search backend to qdrant	A	.10x/specs/qdrant-index-lifecycle.md	qdrant-tantivy-provider-dead-end	historical index; no current authority
d7a37d79de7011d9b4c0a0180f8bcea6265a7f62	feat: cut over search backend to qdrant	A	.10x/specs/qdrant-local-runtime.md	qdrant-tantivy-provider-dead-end	historical index; no current authority
d7a37d79de7011d9b4c0a0180f8bcea6265a7f62	feat: cut over search backend to qdrant	A	.10x/specs/sitemap-resource-limits.md	product-neutral-missing-sitemap-resource-bound	current sitemap resource spec/repair ticket
d7a37d79de7011d9b4c0a0180f8bcea6265a7f62	feat: cut over search backend to qdrant	A	.10x/specs/turbopuffer-namespace-deletion.md	historical-turbopuffer-delete-no-current-product-request	historical index only; no current owner without current product request
d7a37d79de7011d9b4c0a0180f8bcea6265a7f62	feat: cut over search backend to qdrant	M	.10x/tickets/2026-06-28-repo-search-heavy-ranking-experiments.md	historical-record-graph-edit-or-relocation	current develop record graph; branch copy non-authoritative
d7a37d79de7011d9b4c0a0180f8bcea6265a7f62	feat: cut over search backend to qdrant	R100	.10x/tickets/cancelled/2026-06-28-human-review-website-ranking-labels.md	historical-record-graph-edit-or-relocation	current develop record graph; branch copy non-authoritative
d7a37d79de7011d9b4c0a0180f8bcea6265a7f62	feat: cut over search backend to qdrant	R095	.10x/tickets/done/2026-06-28-config-autoresearch-runner.md	historical-record-graph-edit-or-relocation	current develop record graph; branch copy non-authoritative
d7a37d79de7011d9b4c0a0180f8bcea6265a7f62	feat: cut over search backend to qdrant	R087	.10x/tickets/done/2026-06-28-cross-corpus-validation-basket.md	historical-record-graph-edit-or-relocation	current develop record graph; branch copy non-authoritative
d7a37d79de7011d9b4c0a0180f8bcea6265a7f62	feat: cut over search backend to qdrant	R100	.10x/tickets/done/2026-06-28-cross-repo-requests-validation.md	historical-record-graph-edit-or-relocation	current develop record graph; branch copy non-authoritative
d7a37d79de7011d9b4c0a0180f8bcea6265a7f62	feat: cut over search backend to qdrant	R096	.10x/tickets/done/2026-06-28-cross-site-page-aggregation-validation.md	historical-record-graph-edit-or-relocation	current develop record graph; branch copy non-authoritative
d7a37d79de7011d9b4c0a0180f8bcea6265a7f62	feat: cut over search backend to qdrant	R096	.10x/tickets/done/2026-06-28-graded-repo-eval-metric.md	historical-record-graph-edit-or-relocation	current develop record graph; branch copy non-authoritative
d7a37d79de7011d9b4c0a0180f8bcea6265a7f62	feat: cut over search backend to qdrant	R095	.10x/tickets/done/2026-06-28-live-turbo-search-repo-index-and-eval.md	historical-record-graph-edit-or-relocation	current develop record graph; branch copy non-authoritative
d7a37d79de7011d9b4c0a0180f8bcea6265a7f62	feat: cut over search backend to qdrant	R096	.10x/tickets/done/2026-06-28-opt-in-page-aggregation-ranking.md	historical-record-graph-edit-or-relocation	current develop record graph; branch copy non-authoritative
d7a37d79de7011d9b4c0a0180f8bcea6265a7f62	feat: cut over search backend to qdrant	R100	.10x/tickets/done/2026-06-28-promote-repo-search-file-level-ranking.md	historical-record-graph-edit-or-relocation	current develop record graph; branch copy non-authoritative
d7a37d79de7011d9b4c0a0180f8bcea6265a7f62	feat: cut over search backend to qdrant	R100	.10x/tickets/done/2026-06-28-promote-website-page-ranking-default.md	historical-record-graph-edit-or-relocation	current develop record graph; branch copy non-authoritative
d7a37d79de7011d9b4c0a0180f8bcea6265a7f62	feat: cut over search backend to qdrant	R088	.10x/tickets/done/2026-06-28-repo-eval-autoresearch-docs-validation.md	historical-record-graph-edit-or-relocation	current develop record graph; branch copy non-authoritative
d7a37d79de7011d9b4c0a0180f8bcea6265a7f62	feat: cut over search backend to qdrant	R100	.10x/tickets/done/2026-06-28-repo-file-card-metadata-indexing.md	historical-record-graph-edit-or-relocation	current develop record graph; branch copy non-authoritative
d7a37d79de7011d9b4c0a0180f8bcea6265a7f62	feat: cut over search backend to qdrant	R086	.10x/tickets/done/2026-06-28-repo-oversize-source-indexing.md	historical-record-graph-edit-or-relocation	current develop record graph; branch copy non-authoritative
d7a37d79de7011d9b4c0a0180f8bcea6265a7f62	feat: cut over search backend to qdrant	R072	.10x/tickets/done/2026-06-28-repo-search-eval-autoresearch-plan.md	historical-record-graph-edit-or-relocation	current develop record graph; branch copy non-authoritative
d7a37d79de7011d9b4c0a0180f8bcea6265a7f62	feat: cut over search backend to qdrant	R095	.10x/tickets/done/2026-06-28-repo-search-metadata-cross-repo-validation.md	historical-record-graph-edit-or-relocation	current develop record graph; branch copy non-authoritative
d7a37d79de7011d9b4c0a0180f8bcea6265a7f62	feat: cut over search backend to qdrant	R097	.10x/tickets/done/2026-06-28-repo-search-precision-hypothesis-experiments.md	historical-record-graph-edit-or-relocation	current develop record graph; branch copy non-authoritative
d7a37d79de7011d9b4c0a0180f8bcea6265a7f62	feat: cut over search backend to qdrant	R084	.10x/tickets/done/2026-06-28-repo-searchable-path-symbol-metadata.md	historical-record-graph-edit-or-relocation	current develop record graph; branch copy non-authoritative
d7a37d79de7011d9b4c0a0180f8bcea6265a7f62	feat: cut over search backend to qdrant	R094	.10x/tickets/done/2026-06-28-turbo-search-seed-repo-eval-dataset.md	historical-record-graph-edit-or-relocation	current develop record graph; branch copy non-authoritative
d7a37d79de7011d9b4c0a0180f8bcea6265a7f62	feat: cut over search backend to qdrant	R088	.10x/tickets/done/2026-06-28-website-capped-aggregation-default-review.md	historical-record-graph-edit-or-relocation	current develop record graph; branch copy non-authoritative
d7a37d79de7011d9b4c0a0180f8bcea6265a7f62	feat: cut over search backend to qdrant	R100	.10x/tickets/done/2026-06-28-website-page-aggregation-experiments.md	historical-record-graph-edit-or-relocation	current develop record graph; branch copy non-authoritative
d7a37d79de7011d9b4c0a0180f8bcea6265a7f62	feat: cut over search backend to qdrant	R100	.10x/tickets/done/2026-06-28-website-page-level-ranking.md	historical-record-graph-edit-or-relocation	current develop record graph; branch copy non-authoritative
d7a37d79de7011d9b4c0a0180f8bcea6265a7f62	feat: cut over search backend to qdrant	R094	.10x/tickets/done/2026-06-28-website-ranking-default-promotion-decision.md	historical-record-graph-edit-or-relocation	current develop record graph; branch copy non-authoritative
d7a37d79de7011d9b4c0a0180f8bcea6265a7f62	feat: cut over search backend to qdrant	R100	.10x/tickets/done/2026-06-28-website-ranking-evidence-hardening.md	historical-record-graph-edit-or-relocation	current develop record graph; branch copy non-authoritative
d7a37d79de7011d9b4c0a0180f8bcea6265a7f62	feat: cut over search backend to qdrant	R100	.10x/tickets/done/2026-07-08-local-pdf-source-ingestion.md	historical-branch-record-non-authoritative	triage research provenance index
d7a37d79de7011d9b4c0a0180f8bcea6265a7f62	feat: cut over search backend to qdrant	A	.10x/tickets/done/2026-07-08-namespace-delete-positional-namespace.md	historical-turbopuffer-delete-no-current-product-request	historical index only; no current owner without current product request
d7a37d79de7011d9b4c0a0180f8bcea6265a7f62	feat: cut over search backend to qdrant	A	.10x/tickets/done/2026-07-08-turbopuffer-namespace-deletion-cli.md	historical-turbopuffer-delete-no-current-product-request	historical index only; no current owner without current product request
d7a37d79de7011d9b4c0a0180f8bcea6265a7f62	feat: cut over search backend to qdrant	A	.10x/tickets/done/2026-07-10-add-apache-license.md	product-neutral-already-present-or-evolved-on-develop	current LICENSE/project metadata
d7a37d79de7011d9b4c0a0180f8bcea6265a7f62	feat: cut over search backend to qdrant	A	.10x/tickets/done/2026-07-10-add-guarded-generated-data-cleanup.md	superseded-generated-data-cleanup-lifecycle	historical index; current plan cleanup/source lifecycle differs
d7a37d79de7011d9b4c0a0180f8bcea6265a7f62	feat: cut over search backend to qdrant	A	.10x/tickets/done/2026-07-10-add-local-quality-gate.md	historical-tooling-choice-superseded-by-current-hosted-ci	current .github/workflows/ci.yml
d7a37d79de7011d9b4c0a0180f8bcea6265a7f62	feat: cut over search backend to qdrant	A	.10x/tickets/done/2026-07-10-add-qdrant-local-runtime.md	qdrant-tantivy-provider-dead-end	historical index; no current authority
d7a37d79de7011d9b4c0a0180f8bcea6265a7f62	feat: cut over search backend to qdrant	A	.10x/tickets/done/2026-07-10-address-codebase-stocktake-findings.md	historical-branch-record-non-authoritative	triage research provenance index
d7a37d79de7011d9b4c0a0180f8bcea6265a7f62	feat: cut over search backend to qdrant	A	.10x/tickets/done/2026-07-10-bound-sitemap-resource-usage.md	product-neutral-missing-sitemap-resource-bound	current sitemap resource spec/repair ticket
d7a37d79de7011d9b4c0a0180f8bcea6265a7f62	feat: cut over search backend to qdrant	A	.10x/tickets/done/2026-07-10-deduplicate-cli-source-arguments.md	historical-refactor-not-current-behavior-authority	current CLI parser/help/tests
d7a37d79de7011d9b4c0a0180f8bcea6265a7f62	feat: cut over search backend to qdrant	A	.10x/tickets/done/2026-07-10-implement-compact-plan-v2.md	historical-compact-artifact-finding-no-current-measured-need	historical index only; no current owner without measured need
d7a37d79de7011d9b4c0a0180f8bcea6265a7f62	feat: cut over search backend to qdrant	A	.10x/tickets/done/2026-07-10-implement-qdrant-hybrid-retrieval.md	qdrant-tantivy-provider-dead-end	historical index; no current authority
d7a37d79de7011d9b4c0a0180f8bcea6265a7f62	feat: cut over search backend to qdrant	A	.10x/tickets/done/2026-07-10-implement-qdrant-index-lifecycle.md	qdrant-tantivy-provider-dead-end	historical index; no current authority
d7a37d79de7011d9b4c0a0180f8bcea6265a7f62	feat: cut over search backend to qdrant	A	.10x/tickets/done/2026-07-10-implement-sqlite-applied-state-v2.md	superseded-local-state-backend	current active compact DuckDB applied-state spec
d7a37d79de7011d9b4c0a0180f8bcea6265a7f62	feat: cut over search backend to qdrant	A	.10x/tickets/done/2026-07-10-reconcile-record-graph.md	historical-branch-record-non-authoritative	triage research provenance index
d7a37d79de7011d9b4c0a0180f8bcea6265a7f62	feat: cut over search backend to qdrant	A	.10x/tickets/done/2026-07-10-remove-turbopuffer-integration.md	historical-branch-record-non-authoritative	triage research provenance index
d7a37d79de7011d9b4c0a0180f8bcea6265a7f62	feat: cut over search backend to qdrant	A	.10x/tickets/done/2026-07-11-prototype-tantivy-lexical-sidecar.md	qdrant-tantivy-provider-dead-end	historical index; no current authority
d7a37d79de7011d9b4c0a0180f8bcea6265a7f62	feat: cut over search backend to qdrant	A	.pi/skills/qdrant-site-rag/SKILL.md	qdrant-tantivy-provider-dead-end	historical index; no current authority
d7a37d79de7011d9b4c0a0180f8bcea6265a7f62	feat: cut over search backend to qdrant	A	.pi/skills/qdrant-site-rag/references/scrapling-site-workflow.md	qdrant-tantivy-provider-dead-end	historical index; no current authority
d7a37d79de7011d9b4c0a0180f8bcea6265a7f62	feat: cut over search backend to qdrant	D	.pi/skills/turbopuffer-site-rag/SKILL.md	provider-era-documentation-or-skill	current Buoy/Turbopuffer docs and skills
d7a37d79de7011d9b4c0a0180f8bcea6265a7f62	feat: cut over search backend to qdrant	D	.pi/skills/turbopuffer-site-rag/references/scrapling-site-workflow.md	provider-era-documentation-or-skill	current Buoy/Turbopuffer docs and skills
d7a37d79de7011d9b4c0a0180f8bcea6265a7f62	feat: cut over search backend to qdrant	A	LICENSE	product-neutral-already-present-or-evolved-on-develop	current LICENSE/project metadata
d7a37d79de7011d9b4c0a0180f8bcea6265a7f62	feat: cut over search backend to qdrant	M	README.md	mixed-provider-cutover-source-composite	current Buoy/Turbopuffer source; named neutral gaps have separate owners
d7a37d79de7011d9b4c0a0180f8bcea6265a7f62	feat: cut over search backend to qdrant	M	autoresearch/experiments/repo-search-fixture-baseline.json	historical-branch-composite	triage research provenance index
d7a37d79de7011d9b4c0a0180f8bcea6265a7f62	feat: cut over search backend to qdrant	M	autoresearch/experiments/repo-search-live-baseline.json	historical-branch-composite	triage research provenance index
d7a37d79de7011d9b4c0a0180f8bcea6265a7f62	feat: cut over search backend to qdrant	M	autoresearch/program.md	historical-branch-composite	triage research provenance index
d7a37d79de7011d9b4c0a0180f8bcea6265a7f62	feat: cut over search backend to qdrant	A	compose.yaml	qdrant-tantivy-provider-dead-end	historical index; no current authority
d7a37d79de7011d9b4c0a0180f8bcea6265a7f62	feat: cut over search backend to qdrant	M	docs/generic-site-rag-plan-apply.md	provider-era-documentation-or-skill	current Buoy/Turbopuffer docs and skills
d7a37d79de7011d9b4c0a0180f8bcea6265a7f62	feat: cut over search backend to qdrant	A	docs/qdrant-basket-validation.md	qdrant-tantivy-provider-dead-end	historical index; no current authority
d7a37d79de7011d9b4c0a0180f8bcea6265a7f62	feat: cut over search backend to qdrant	A	docs/qdrant-local-runtime.md	qdrant-tantivy-provider-dead-end	historical index; no current authority
d7a37d79de7011d9b4c0a0180f8bcea6265a7f62	feat: cut over search backend to qdrant	M	pyproject.toml	mixed-provider-cutover-source-composite	current Buoy/Turbopuffer source; named neutral gaps have separate owners
d7a37d79de7011d9b4c0a0180f8bcea6265a7f62	feat: cut over search backend to qdrant	M	src/turbo_search/__init__.py	mixed-provider-cutover-source-composite	current Buoy/Turbopuffer source; named neutral gaps have separate owners
d7a37d79de7011d9b4c0a0180f8bcea6265a7f62	feat: cut over search backend to qdrant	M	src/turbo_search/applied_state.py	mixed-provider-cutover-source-composite	current Buoy/Turbopuffer source; named neutral gaps have separate owners
d7a37d79de7011d9b4c0a0180f8bcea6265a7f62	feat: cut over search backend to qdrant	M	src/turbo_search/apply.py	mixed-provider-cutover-source-composite	current Buoy/Turbopuffer source; named neutral gaps have separate owners
d7a37d79de7011d9b4c0a0180f8bcea6265a7f62	feat: cut over search backend to qdrant	M	src/turbo_search/autoresearch.py	mixed-provider-cutover-source-composite	current Buoy/Turbopuffer source; named neutral gaps have separate owners
d7a37d79de7011d9b4c0a0180f8bcea6265a7f62	feat: cut over search backend to qdrant	A	src/turbo_search/bm25.py	mixed-provider-cutover-source-composite	current Buoy/Turbopuffer source; named neutral gaps have separate owners
d7a37d79de7011d9b4c0a0180f8bcea6265a7f62	feat: cut over search backend to qdrant	M	src/turbo_search/chunker.py	mixed-provider-cutover-source-composite	current Buoy/Turbopuffer source; named neutral gaps have separate owners
d7a37d79de7011d9b4c0a0180f8bcea6265a7f62	feat: cut over search backend to qdrant	A	src/turbo_search/cleanup.py	superseded-generated-data-cleanup-lifecycle	historical index; current plan cleanup/source lifecycle differs
d7a37d79de7011d9b4c0a0180f8bcea6265a7f62	feat: cut over search backend to qdrant	M	src/turbo_search/cli.py	mixed-provider-cutover-source-composite	current Buoy/Turbopuffer source; named neutral gaps have separate owners
d7a37d79de7011d9b4c0a0180f8bcea6265a7f62	feat: cut over search backend to qdrant	M	src/turbo_search/config.py	mixed-provider-cutover-source-composite	current Buoy/Turbopuffer source; named neutral gaps have separate owners
d7a37d79de7011d9b4c0a0180f8bcea6265a7f62	feat: cut over search backend to qdrant	M	src/turbo_search/crawler.py	mixed-provider-cutover-source-composite	current Buoy/Turbopuffer source; named neutral gaps have separate owners
d7a37d79de7011d9b4c0a0180f8bcea6265a7f62	feat: cut over search backend to qdrant	M	src/turbo_search/evals.py	mixed-provider-cutover-source-composite	current Buoy/Turbopuffer source; named neutral gaps have separate owners
d7a37d79de7011d9b4c0a0180f8bcea6265a7f62	feat: cut over search backend to qdrant	M	src/turbo_search/github_repo.py	mixed-provider-cutover-source-composite	current Buoy/Turbopuffer source; named neutral gaps have separate owners
d7a37d79de7011d9b4c0a0180f8bcea6265a7f62	feat: cut over search backend to qdrant	A	src/turbo_search/namespace_delete.py	historical-turbopuffer-delete-no-current-product-request	historical index only; no current owner without current product request
d7a37d79de7011d9b4c0a0180f8bcea6265a7f62	feat: cut over search backend to qdrant	M	src/turbo_search/plan_artifacts.py	mixed-provider-cutover-source-composite	current Buoy/Turbopuffer source; named neutral gaps have separate owners
d7a37d79de7011d9b4c0a0180f8bcea6265a7f62	feat: cut over search backend to qdrant	M	src/turbo_search/plan_diff.py	mixed-provider-cutover-source-composite	current Buoy/Turbopuffer source; named neutral gaps have separate owners
d7a37d79de7011d9b4c0a0180f8bcea6265a7f62	feat: cut over search backend to qdrant	A	src/turbo_search/qdrant.py	qdrant-tantivy-provider-dead-end	historical index; no current authority
d7a37d79de7011d9b4c0a0180f8bcea6265a7f62	feat: cut over search backend to qdrant	A	src/turbo_search/qdrant_basket.py	qdrant-tantivy-provider-dead-end	historical index; no current authority
d7a37d79de7011d9b4c0a0180f8bcea6265a7f62	feat: cut over search backend to qdrant	M	src/turbo_search/retriever.py	mixed-provider-cutover-source-composite	current Buoy/Turbopuffer source; named neutral gaps have separate owners
d7a37d79de7011d9b4c0a0180f8bcea6265a7f62	feat: cut over search backend to qdrant	A	tests/fixtures/applied-state-v1.json	superseded-local-state-backend	current active compact DuckDB applied-state spec
d7a37d79de7011d9b4c0a0180f8bcea6265a7f62	feat: cut over search backend to qdrant	M	tests/test_applied_state.py	mixed-provider-cutover-source-composite	current Buoy/Turbopuffer source; named neutral gaps have separate owners
d7a37d79de7011d9b4c0a0180f8bcea6265a7f62	feat: cut over search backend to qdrant	M	tests/test_apply_cli.py	mixed-provider-cutover-source-composite	current Buoy/Turbopuffer source; named neutral gaps have separate owners
d7a37d79de7011d9b4c0a0180f8bcea6265a7f62	feat: cut over search backend to qdrant	M	tests/test_autoresearch.py	mixed-provider-cutover-source-composite	current Buoy/Turbopuffer source; named neutral gaps have separate owners
d7a37d79de7011d9b4c0a0180f8bcea6265a7f62	feat: cut over search backend to qdrant	A	tests/test_bm25.py	mixed-provider-cutover-source-composite	current Buoy/Turbopuffer source; named neutral gaps have separate owners
d7a37d79de7011d9b4c0a0180f8bcea6265a7f62	feat: cut over search backend to qdrant	A	tests/test_cleanup_cli.py	superseded-generated-data-cleanup-lifecycle	historical index; current plan cleanup/source lifecycle differs
d7a37d79de7011d9b4c0a0180f8bcea6265a7f62	feat: cut over search backend to qdrant	M	tests/test_cli.py	mixed-provider-cutover-source-composite	current Buoy/Turbopuffer source; named neutral gaps have separate owners
d7a37d79de7011d9b4c0a0180f8bcea6265a7f62	feat: cut over search backend to qdrant	M	tests/test_crawler.py	mixed-provider-cutover-source-composite	current Buoy/Turbopuffer source; named neutral gaps have separate owners
d7a37d79de7011d9b4c0a0180f8bcea6265a7f62	feat: cut over search backend to qdrant	M	tests/test_github_repo.py	mixed-provider-cutover-source-composite	current Buoy/Turbopuffer source; named neutral gaps have separate owners
d7a37d79de7011d9b4c0a0180f8bcea6265a7f62	feat: cut over search backend to qdrant	A	tests/test_namespace_delete_cli.py	historical-turbopuffer-delete-no-current-product-request	historical index only; no current owner without current product request
d7a37d79de7011d9b4c0a0180f8bcea6265a7f62	feat: cut over search backend to qdrant	M	tests/test_plan_artifacts.py	mixed-provider-cutover-source-composite	current Buoy/Turbopuffer source; named neutral gaps have separate owners
d7a37d79de7011d9b4c0a0180f8bcea6265a7f62	feat: cut over search backend to qdrant	A	tests/test_qdrant_basket.py	qdrant-tantivy-provider-dead-end	historical index; no current authority
d7a37d79de7011d9b4c0a0180f8bcea6265a7f62	feat: cut over search backend to qdrant	A	tests/test_qdrant_lifecycle.py	qdrant-tantivy-provider-dead-end	historical index; no current authority
d7a37d79de7011d9b4c0a0180f8bcea6265a7f62	feat: cut over search backend to qdrant	A	tests/test_qdrant_runtime.py	qdrant-tantivy-provider-dead-end	historical index; no current authority
d7a37d79de7011d9b4c0a0180f8bcea6265a7f62	feat: cut over search backend to qdrant	M	tests/test_retriever.py	mixed-provider-cutover-source-composite	current Buoy/Turbopuffer source; named neutral gaps have separate owners
d7a37d79de7011d9b4c0a0180f8bcea6265a7f62	feat: cut over search backend to qdrant	M	uv.lock	mixed-provider-cutover-source-composite	current Buoy/Turbopuffer source; named neutral gaps have separate owners
